Year,GDP (Current USD)
2024,1.82734E+13
2023,1.77948E+13
2022,1.78818E+13
2021,1.78205E+13
2020,1.46877E+13
2019,1.428E+13
2018,1.38949E+13
2017,1.23105E+13
2016,1.12333E+13
2015,1.10616E+13
2014,1.04756E+13
2013,9.57047E+12
2012,8.53219E+12
2011,7.55155E+12
2010,6.08719E+12
2009,5.10169E+12